,Driver,Lap,Position,LapTime,Constructor
0,russell,1,1,1.1487,mercedes
1,bottas,1,2,1.2002333333333333,mercedes
2,sainz,1,3,1.2365166666666667,mclaren
3,ricciardo,1,4,1.3004166666666668,renault
4,kvyat,1,5,1.3266833333333334,alphatauri
5,stroll,1,6,1.3419666666666668,racing_point
6,gasly,1,7,1.3803833333333333,alphatauri
7,ocon,1,8,1.40375,renault
8,vettel,1,9,1.4465,ferrari
9,norris,1,10,1.4850666666666668,mclaren
10,kevin_magnussen,1,11,1.5101833333333334,haas
11,albon,1,12,1.53405,red_bull
12,giovinazzi,1,13,1.5471833333333334,alfa
13,latifi,1,14,1.56215,williams
14,aitken,1,15,1.5841833333333333,williams
15,pietro_fittipaldi,1,16,1.6106833333333332,haas
16,raikkonen,1,17,1.6338333333333332,alfa
17,perez,1,18,1.67475,racing_point
18,russell,2,1,1.64035,mercedes
19,bottas,2,2,1.6152333333333333,mercedes
20,sainz,2,3,1.5927166666666666,mclaren
21,ricciardo,2,4,1.5631,renault
22,kvyat,2,5,1.5719833333333333,alphatauri
23,stroll,2,6,1.5769833333333334,racing_point
24,gasly,2,7,1.5592166666666667,alphatauri
25,ocon,2,8,1.5654,renault
26,vettel,2,9,1.5471166666666667,ferrari
27,norris,2,10,1.5533,mclaren
28,kevin_magnussen,2,11,1.5543166666666666,haas
29,albon,2,12,1.55185,red_bull
30,giovinazzi,2,13,1.5574166666666667,alfa
31,latifi,2,14,1.5664833333333332,williams
32,aitken,2,15,1.5714333333333332,williams
33,pietro_fittipaldi,2,16,1.553,haas
34,raikkonen,2,17,1.5666833333333334,alfa
35,perez,2,18,1.5421833333333332,racing_point
36,russell,3,1,1.4971666666666668,mercedes
37,bottas,3,2,1.4940166666666668,mercedes
38,sainz,3,3,1.4938,mclaren
39,ricciardo,3,4,1.5073833333333333,renault
40,kvyat,3,5,1.5113,alphatauri
41,stroll,3,6,1.5064833333333334,racing_point
42,gasly,3,7,1.5234833333333333,alphatauri
43,ocon,3,8,1.5132833333333333,renault
44,vettel,3,9,1.5206,ferrari
45,norris,3,10,1.51945,mclaren
46,kevin_magnussen,3,11,1.51315,haas
47,albon,3,12,1.5154833333333333,red_bull
48,latifi,3,13,1.4898166666666666,williams
49,giovinazzi,3,14,1.53305,alfa
50,aitken,3,15,1.5124166666666667,williams
51,pietro_fittipaldi,3,16,1.5187166666666667,haas
52,raikkonen,3,17,1.5108,alfa
53,perez,3,18,1.53885,racing_point
54,russell,4,1,1.5376,mercedes
55,bottas,4,2,1.5303666666666667,mercedes
56,sainz,4,3,1.5342166666666666,mclaren
57,ricciardo,4,4,1.5038833333333332,renault
58,kvyat,4,5,1.4955833333333333,alphatauri
59,stroll,4,6,1.5084833333333334,racing_point
60,gasly,4,7,1.4918833333333332,alphatauri
61,ocon,4,8,1.49375,renault
62,vettel,4,9,1.5085666666666666,ferrari
63,norris,4,10,1.4920166666666668,mclaren
64,kevin_magnussen,4,11,1.4951166666666666,haas
65,albon,4,12,1.4982333333333333,red_bull
66,latifi,4,13,1.4984833333333334,williams
67,giovinazzi,4,14,1.4975333333333334,alfa
68,aitken,4,15,1.5089666666666666,williams
69,pietro_fittipaldi,4,16,1.5203166666666668,haas
70,raikkonen,4,17,1.5235333333333334,alfa
71,perez,4,18,1.4946,racing_point
72,russell,5,1,1.5022166666666668,mercedes
73,bottas,5,2,1.5077,mercedes
74,sainz,5,3,1.5026833333333334,mclaren
75,ricciardo,5,4,1.52555,renault
76,kvyat,5,5,1.5332333333333332,alphatauri
77,stroll,5,6,1.52865,racing_point
78,gasly,5,7,1.5385166666666668,alphatauri
79,ocon,5,8,1.54695,renault
80,vettel,5,9,1.5521666666666667,ferrari
81,norris,5,10,1.5648,mclaren
82,albon,5,11,1.5369,red_bull
83,kevin_magnussen,5,12,1.5929166666666668,haas
84,latifi,5,13,1.5597666666666667,williams
85,giovinazzi,5,14,1.5592,alfa
86,aitken,5,15,1.5402333333333333,williams
87,pietro_fittipaldi,5,16,1.5324,haas
88,raikkonen,5,17,1.5188333333333333,alfa
89,perez,5,18,1.52725,racing_point
90,russell,6,1,1.4783,mercedes
91,bottas,6,2,1.4669,mercedes
92,sainz,6,3,1.4583666666666666,mclaren
93,ricciardo,6,4,1.4275833333333334,renault
94,kvyat,6,5,1.39775,alphatauri
95,stroll,6,6,1.3807166666666666,racing_point
96,gasly,6,7,1.3578666666666668,alphatauri
97,ocon,6,8,1.3353666666666666,renault
98,vettel,6,9,1.29345,ferrari
99,norris,6,10,1.25565,mclaren
100,albon,6,11,1.2435666666666667,red_bull
101,kevin_magnussen,6,12,1.2240166666666668,haas
102,latifi,6,13,1.2154333333333334,williams
103,giovinazzi,6,14,1.2111833333333333,alfa
104,aitken,6,15,1.1999666666666666,williams
105,pietro_fittipaldi,6,16,1.19665,haas
106,raikkonen,6,17,1.1863166666666667,alfa
107,perez,6,18,1.1676833333333334,racing_point
108,russell,7,1,0.9693333333333334,mercedes
109,bottas,7,2,0.9779833333333333,mercedes
110,sainz,7,3,0.9875333333333334,mclaren
111,ricciardo,7,4,0.9904833333333334,renault
112,kvyat,7,5,0.9921333333333333,alphatauri
113,stroll,7,6,0.9937666666666667,racing_point
114,gasly,7,7,0.9932,alphatauri
115,ocon,7,8,0.9952833333333333,renault
116,vettel,7,9,1.0015666666666667,ferrari
117,norris,7,10,1.0065,mclaren
118,albon,7,11,1.00845,red_bull
119,kevin_magnussen,7,12,1.0165166666666667,haas
120,latifi,7,13,1.0234666666666667,williams
121,giovinazzi,7,14,1.0159833333333332,alfa
122,aitken,7,15,1.012,williams
123,perez,7,16,0.9872166666666666,racing_point
124,pietro_fittipaldi,7,17,1.0086666666666666,haas
125,raikkonen,7,18,1.0098833333333332,alfa
126,russell,8,1,0.9706,mercedes
127,bottas,8,2,0.9782,mercedes
128,sainz,8,3,0.9804,mclaren
129,ricciardo,8,4,0.9843333333333333,renault
130,kvyat,8,5,0.9856,alphatauri
131,stroll,8,6,0.9873166666666666,racing_point
132,gasly,8,7,0.9887166666666667,alphatauri
133,ocon,8,8,0.9908333333333333,renault
134,norris,8,9,0.9873666666666666,mclaren
135,albon,8,10,0.9915,red_bull
136,vettel,8,11,1.01215,ferrari
137,kevin_magnussen,8,12,0.99515,haas
138,latifi,8,13,1.0022666666666666,williams
139,perez,8,14,0.9949666666666667,racing_point
140,giovinazzi,8,15,1.0108,alfa
141,aitken,8,16,1.01635,williams
142,raikkonen,8,17,1.0057666666666667,alfa
143,pietro_fittipaldi,8,18,1.02655,haas
144,russell,9,1,0.96765,mercedes
145,bottas,9,2,0.9714,mercedes
146,sainz,9,3,0.9798166666666667,mclaren
147,ricciardo,9,4,0.9786,renault
148,kvyat,9,5,0.9777833333333333,alphatauri
149,stroll,9,6,0.9785,racing_point
150,gasly,9,7,0.9832833333333333,alphatauri
151,ocon,9,8,0.9908666666666667,renault
152,norris,9,9,0.9822666666666666,mclaren
153,vettel,9,10,0.98645,ferrari
154,albon,9,11,1.0,red_bull
155,kevin_magnussen,9,12,0.9979166666666667,haas
156,perez,9,13,0.9791,racing_point
157,latifi,9,14,1.0092333333333334,williams
158,giovinazzi,9,15,1.0029666666666666,alfa
159,aitken,9,16,1.0001833333333334,williams
160,raikkonen,9,17,1.0027,alfa
161,pietro_fittipaldi,9,18,1.0009,haas
162,russell,10,1,0.97215,mercedes
163,bottas,10,2,0.9743,mercedes
164,sainz,10,3,0.97965,mclaren
165,ricciardo,10,4,0.9809333333333333,renault
166,kvyat,10,5,0.9814666666666667,alphatauri
167,stroll,10,6,0.9815666666666667,racing_point
168,gasly,10,7,0.9759666666666666,alphatauri
169,ocon,10,8,0.9799,renault
170,norris,10,9,0.98425,mclaren
171,vettel,10,10,0.9852333333333333,ferrari
172,albon,10,11,0.9823333333333333,red_bull
173,perez,10,12,0.96825,racing_point
174,kevin_magnussen,10,13,1.00155,haas
175,latifi,10,14,1.0017833333333332,williams
176,giovinazzi,10,15,1.0132666666666668,alfa
177,raikkonen,10,16,1.0069833333333333,alfa
178,aitken,10,17,1.0258333333333334,williams
179,pietro_fittipaldi,10,18,1.0112333333333334,haas
180,russell,11,1,0.9708666666666667,mercedes
181,bottas,11,2,0.9681833333333333,mercedes
182,sainz,11,3,0.9772833333333333,mclaren
183,ricciardo,11,4,0.9757666666666667,renault
184,kvyat,11,5,0.97645,alphatauri
185,stroll,11,6,0.9788333333333333,racing_point
186,gasly,11,7,0.9814,alphatauri
187,ocon,11,8,0.9808,renault
188,norris,11,9,0.9841,mclaren
189,albon,11,10,0.9897333333333334,red_bull
190,perez,11,11,0.9906333333333334,racing_point
191,vettel,11,12,1.0237333333333334,ferrari
192,kevin_magnussen,11,13,0.99675,haas
193,latifi,11,14,0.9940666666666667,williams
194,giovinazzi,11,15,0.9912333333333333,alfa
195,aitken,11,16,1.0096,williams
196,raikkonen,11,17,1.0334833333333333,alfa
197,pietro_fittipaldi,11,18,1.0305,haas
198,russell,12,1,0.9703833333333334,mercedes
199,bottas,12,2,0.9709666666666666,mercedes
200,sainz,12,3,0.9790166666666666,mclaren
201,ricciardo,12,4,0.9795666666666667,renault
202,kvyat,12,5,0.98015,alphatauri
203,stroll,12,6,0.9771666666666666,racing_point
204,gasly,12,7,0.97915,alphatauri
205,ocon,12,8,0.9831,renault
206,norris,12,9,0.9890333333333333,mclaren
207,albon,12,10,0.98205,red_bull
208,perez,12,11,0.9837666666666667,racing_point
209,vettel,12,12,0.9919833333333333,ferrari
210,kevin_magnussen,12,13,1.00055,haas
211,latifi,12,14,0.9941166666666666,williams
212,giovinazzi,12,15,0.9923833333333333,alfa
213,aitken,12,16,0.9949833333333333,williams
214,raikkonen,12,17,0.9989,alfa
215,pietro_fittipaldi,12,18,1.0026333333333333,haas
216,russell,13,1,0.9701666666666666,mercedes
217,bottas,13,2,0.9754666666666667,mercedes
218,sainz,13,3,0.983,mclaren
219,ricciardo,13,4,0.9845,renault
220,kvyat,13,5,0.9825833333333334,alphatauri
221,stroll,13,6,0.9834666666666667,racing_point
222,gasly,13,7,0.98025,alphatauri
223,ocon,13,8,0.9818333333333333,renault
224,norris,13,9,0.9871666666666666,mclaren
225,albon,13,10,0.9793333333333333,red_bull
226,perez,13,11,0.9775166666666667,racing_point
227,vettel,13,12,0.99095,ferrari
228,kevin_magnussen,13,13,0.9992666666666666,haas
229,latifi,13,14,0.99555,williams
230,giovinazzi,13,15,0.99435,alfa
231,aitken,13,16,0.9956166666666667,williams
232,raikkonen,13,17,1.00025,alfa
233,pietro_fittipaldi,13,18,0.9996333333333334,haas
234,russell,14,1,0.9709666666666666,mercedes
235,bottas,14,2,0.9735333333333334,mercedes
236,sainz,14,3,0.982,mclaren
237,ricciardo,14,4,0.9815166666666667,renault
238,kvyat,14,5,0.9845666666666667,alphatauri
239,stroll,14,6,0.9814833333333334,racing_point
240,gasly,14,7,0.9825,alphatauri
241,ocon,14,8,0.9868166666666667,renault
242,norris,14,9,0.9857333333333334,mclaren
243,albon,14,10,0.9808666666666667,red_bull
244,perez,14,11,0.97865,racing_point
245,vettel,14,12,0.9907333333333334,ferrari
246,kevin_magnussen,14,13,0.99515,haas
247,latifi,14,14,0.9930166666666667,williams
248,giovinazzi,14,15,0.99245,alfa
249,aitken,14,16,0.9972833333333333,williams
250,raikkonen,14,17,1.0025333333333333,alfa
251,pietro_fittipaldi,14,18,0.99995,haas
252,russell,15,1,0.9725166666666667,mercedes
253,bottas,15,2,0.97205,mercedes
254,sainz,15,3,0.9807333333333333,mclaren
255,ricciardo,15,4,0.9839333333333333,renault
256,kvyat,15,5,0.9819333333333333,alphatauri
257,stroll,15,6,0.9823833333333334,racing_point
258,gasly,15,7,0.9835666666666667,alphatauri
259,ocon,15,8,0.9841333333333333,renault
260,norris,15,9,0.9829,mclaren
261,albon,15,10,0.982,red_bull
262,perez,15,11,0.9813,racing_point
263,vettel,15,12,0.9914666666666667,ferrari
264,kevin_magnussen,15,13,0.9958333333333333,haas
265,latifi,15,14,0.99125,williams
266,giovinazzi,15,15,0.98975,alfa
267,aitken,15,16,0.99465,williams
268,raikkonen,15,17,0.9984166666666666,alfa
269,pietro_fittipaldi,15,18,1.0027833333333334,haas
270,russell,16,1,0.9668,mercedes
271,bottas,16,2,0.97075,mercedes
272,sainz,16,3,0.9804,mclaren
273,ricciardo,16,4,0.98,renault
274,kvyat,16,5,0.9828666666666667,alphatauri
275,stroll,16,6,0.98505,racing_point
276,gasly,16,7,0.9846333333333334,alphatauri
277,ocon,16,8,0.9850333333333333,renault
278,norris,16,9,0.98365,mclaren
279,albon,16,10,0.9790833333333333,red_bull
280,perez,16,11,0.9785,racing_point
281,vettel,16,12,0.9909166666666667,ferrari
282,latifi,16,13,1.0004166666666667,williams
283,giovinazzi,16,14,1.0025833333333334,alfa
284,kevin_magnussen,16,15,1.0385333333333333,haas
285,aitken,16,16,0.9934666666666667,williams
286,raikkonen,16,17,0.99935,alfa
287,pietro_fittipaldi,16,18,0.9991833333333333,haas
288,russell,17,1,0.9694833333333334,mercedes
289,bottas,17,2,0.9663,mercedes
290,sainz,17,3,0.9820666666666666,mclaren
291,ricciardo,17,4,0.98035,renault
292,kvyat,17,5,0.9795833333333334,alphatauri
293,stroll,17,6,0.9799,racing_point
294,gasly,17,7,0.9790166666666666,alphatauri
295,ocon,17,8,0.9801833333333333,renault
296,norris,17,9,0.9832,mclaren
297,albon,17,10,0.9815,red_bull
298,perez,17,11,0.9813,racing_point
299,vettel,17,12,0.9853666666666666,ferrari
300,latifi,17,13,0.9904833333333334,williams
301,giovinazzi,17,14,0.9888833333333333,alfa
302,kevin_magnussen,17,15,0.9961666666666666,haas
303,aitken,17,16,0.99705,williams
304,raikkonen,17,17,1.0006,alfa
305,pietro_fittipaldi,17,18,0.99815,haas
306,russell,18,1,0.9672333333333333,mercedes
307,bottas,18,2,0.96705,mercedes
308,sainz,18,3,0.9777,mclaren
309,ricciardo,18,4,0.9804333333333334,renault
310,kvyat,18,5,0.98305,alphatauri
311,stroll,18,6,0.9827833333333333,racing_point
312,gasly,18,7,0.9855,alphatauri
313,ocon,18,8,0.98265,renault
314,norris,18,9,0.9881833333333333,mclaren
315,albon,18,10,0.98735,red_bull
316,perez,18,11,0.9848166666666667,racing_point
317,vettel,18,12,0.9854333333333334,ferrari
318,latifi,18,13,0.9891833333333333,williams
319,giovinazzi,18,14,0.9916666666666667,alfa
320,kevin_magnussen,18,15,0.9942166666666666,haas
321,aitken,18,16,0.99675,williams
322,raikkonen,18,17,1.00165,alfa
323,pietro_fittipaldi,18,18,0.9998,haas
324,russell,19,1,0.9719166666666667,mercedes
325,bottas,19,2,0.9681166666666666,mercedes
326,sainz,19,3,0.97955,mclaren
327,ricciardo,19,4,0.9848333333333333,renault
328,kvyat,19,5,0.9815833333333334,alphatauri
329,stroll,19,6,0.9824,racing_point
330,gasly,19,7,0.9812833333333333,alphatauri
331,ocon,19,8,0.9781166666666666,renault
332,norris,19,9,0.9900166666666667,mclaren
333,albon,19,10,0.9901666666666666,red_bull
334,perez,19,11,0.9908666666666667,racing_point
335,vettel,19,12,0.98685,ferrari
336,latifi,19,13,0.9927333333333334,williams
337,giovinazzi,19,14,0.9921333333333333,alfa
338,kevin_magnussen,19,15,0.9956833333333334,haas
339,aitken,19,16,0.9912833333333333,williams
340,raikkonen,19,17,1.004,alfa
341,pietro_fittipaldi,19,18,1.0147166666666667,haas
342,russell,20,1,0.9681833333333333,mercedes
343,bottas,20,2,0.9690333333333333,mercedes
344,sainz,20,3,0.9794833333333334,mclaren
345,ricciardo,20,4,0.9799333333333333,renault
346,kvyat,20,5,0.9822,alphatauri
347,stroll,20,6,0.9797,racing_point
348,gasly,20,7,0.97945,alphatauri
349,ocon,20,8,0.9797833333333333,renault
350,albon,20,9,0.97595,red_bull
351,perez,20,10,0.9792666666666666,racing_point
352,norris,20,11,1.0563833333333332,mclaren
353,vettel,20,12,0.98875,ferrari
354,latifi,20,13,0.99025,williams
355,giovinazzi,20,14,0.9909666666666667,alfa
356,kevin_magnussen,20,15,0.9945666666666667,haas
357,aitken,20,16,0.99175,williams
358,raikkonen,20,17,0.9981333333333333,alfa
359,pietro_fittipaldi,20,18,0.9989833333333333,haas
360,russell,21,1,0.9682,mercedes
361,bottas,21,2,0.96655,mercedes
362,sainz,21,3,0.9811333333333333,mclaren
363,ricciardo,21,4,0.9798666666666667,renault
364,kvyat,21,5,0.9797333333333333,alphatauri
365,stroll,21,6,0.9824833333333334,racing_point
366,gasly,21,7,0.9833166666666666,alphatauri
367,ocon,21,8,0.9815833333333334,renault
368,perez,21,9,0.9810166666666666,racing_point
369,albon,21,10,1.0075166666666666,red_bull
370,vettel,21,11,0.9976166666666667,ferrari
371,latifi,21,12,0.9930166666666667,williams
372,giovinazzi,21,13,0.9921,alfa
373,kevin_magnussen,21,14,0.9954,haas
374,aitken,21,15,0.9927333333333334,williams
375,raikkonen,21,16,1.002,alfa
376,pietro_fittipaldi,21,17,0.9993333333333333,haas
377,norris,21,18,1.3300833333333333,mclaren
378,russell,22,1,0.9709333333333333,mercedes
379,bottas,22,2,0.9694166666666667,mercedes
380,sainz,22,3,0.9798166666666667,mclaren
381,ricciardo,22,4,0.97975,renault
382,kvyat,22,5,0.9816666666666667,alphatauri
383,stroll,22,6,0.9827,racing_point
384,gasly,22,7,0.98375,alphatauri
385,ocon,22,8,0.9851,renault
386,perez,22,9,0.9795833333333334,racing_point
387,albon,22,10,0.9788166666666667,red_bull
388,vettel,22,11,0.9885,ferrari
389,latifi,22,12,0.989,williams
390,giovinazzi,22,13,0.9923333333333333,alfa
391,kevin_magnussen,22,14,0.9964833333333334,haas
392,aitken,22,15,0.9997166666666667,williams
393,raikkonen,22,16,0.9972333333333333,alfa
394,pietro_fittipaldi,22,17,0.9994,haas
395,norris,22,18,0.9828666666666667,mclaren
396,russell,23,1,0.9659166666666666,mercedes
397,bottas,23,2,0.9670333333333333,mercedes
398,sainz,23,3,0.9771166666666666,mclaren
399,ricciardo,23,4,0.98295,renault
400,kvyat,23,5,0.9838166666666667,alphatauri
401,stroll,23,6,0.9835833333333334,racing_point
402,gasly,23,7,0.9828666666666667,alphatauri
403,ocon,23,8,0.9821333333333333,renault
404,perez,23,9,0.9856,racing_point
405,albon,23,10,0.9842166666666666,red_bull
406,vettel,23,11,0.9909333333333333,ferrari
407,latifi,23,12,0.9925166666666667,williams
408,giovinazzi,23,13,0.9931666666666666,alfa
409,kevin_magnussen,23,14,0.9944333333333333,haas
410,aitken,23,15,0.9916833333333334,williams
411,pietro_fittipaldi,23,16,0.9977166666666667,haas
412,raikkonen,23,17,1.0362833333333332,alfa
413,norris,23,18,0.9761333333333333,mclaren
414,russell,24,1,0.9699666666666666,mercedes
415,bottas,24,2,0.9683166666666667,mercedes
416,sainz,24,3,0.9789833333333333,mclaren
417,ricciardo,24,4,0.9800666666666666,renault
418,kvyat,24,5,0.9850833333333333,alphatauri
419,stroll,24,6,0.9846333333333334,racing_point
420,gasly,24,7,0.9850166666666667,alphatauri
421,ocon,24,8,0.9851166666666666,renault
422,perez,24,9,0.9773666666666667,racing_point
423,albon,24,10,0.97855,red_bull
424,vettel,24,11,0.9853,ferrari
425,latifi,24,12,0.9919666666666667,williams
426,giovinazzi,24,13,0.9913666666666666,alfa
427,kevin_magnussen,24,14,0.9941666666666666,haas
428,aitken,24,15,0.993,williams
429,pietro_fittipaldi,24,16,1.0025333333333333,haas
430,norris,24,17,0.98,mclaren
431,raikkonen,24,18,1.4156166666666667,alfa
432,russell,25,1,0.9670166666666666,mercedes
433,bottas,25,2,0.97005,mercedes
434,sainz,25,3,0.9761833333333333,mclaren
435,ricciardo,25,4,0.9843,renault
436,kvyat,25,5,0.9853666666666666,alphatauri
437,stroll,25,6,0.9862333333333333,racing_point
438,gasly,25,7,0.9858833333333333,alphatauri
439,ocon,25,8,0.9826,renault
440,perez,25,9,0.9767333333333333,racing_point
441,albon,25,10,0.98065,red_bull
442,vettel,25,11,0.9865,ferrari
443,latifi,25,12,0.99295,williams
444,giovinazzi,25,13,0.9935166666666667,alfa
445,kevin_magnussen,25,14,0.9987,haas
446,aitken,25,15,0.995,williams
447,norris,25,16,0.9737666666666667,mclaren
448,pietro_fittipaldi,25,17,1.014,haas
449,raikkonen,25,18,0.9788333333333333,alfa
450,russell,26,1,0.9667833333333333,mercedes
451,bottas,26,2,0.9696666666666667,mercedes
452,sainz,26,3,0.9799833333333333,mclaren
453,ricciardo,26,4,0.9821166666666666,renault
454,kvyat,26,5,0.9851,alphatauri
455,stroll,26,6,0.9841333333333333,racing_point
456,gasly,26,7,0.9860166666666667,alphatauri
457,ocon,26,8,0.9864,renault
458,perez,26,9,0.9723,racing_point
459,albon,26,10,0.9792333333333333,red_bull
460,vettel,26,11,0.9969833333333333,ferrari
461,latifi,26,12,0.9939833333333333,williams
462,giovinazzi,26,13,1.0465833333333334,alfa
463,aitken,26,14,0.9971333333333333,williams
464,kevin_magnussen,26,15,1.0410333333333333,haas
465,norris,26,16,0.96835,mclaren
466,pietro_fittipaldi,26,17,1.0072833333333333,haas
467,raikkonen,26,18,0.9760666666666666,alfa
468,russell,27,1,0.96625,mercedes
469,bottas,27,2,0.9691833333333333,mercedes
470,sainz,27,3,0.97725,mclaren
471,ricciardo,27,4,0.9794166666666667,renault
472,stroll,27,5,0.985,racing_point
473,gasly,27,6,0.9836,alphatauri
474,kvyat,27,7,1.0249666666666666,alphatauri
475,ocon,27,8,0.9810833333333333,renault
476,perez,27,9,0.9766833333333333,racing_point
477,albon,27,10,0.9788,red_bull
478,vettel,27,11,0.9898333333333333,ferrari
479,latifi,27,12,1.0371666666666666,williams
480,aitken,27,13,0.98565,williams
481,norris,27,14,0.97495,mclaren
482,pietro_fittipaldi,27,15,1.00095,haas
483,giovinazzi,27,16,1.3234666666666666,alfa
484,kevin_magnussen,27,17,1.3304333333333334,haas
485,raikkonen,27,18,0.9875833333333334,alfa
486,russell,28,1,0.9727833333333333,mercedes
487,bottas,28,2,0.97455,mercedes
488,ricciardo,28,3,0.9778833333333333,renault
489,sainz,28,4,1.0347,mclaren
490,stroll,28,5,0.9760833333333333,racing_point
491,ocon,28,6,0.9820333333333333,renault
492,gasly,28,7,1.0227833333333334,alphatauri
493,perez,28,8,0.9759666666666666,racing_point
494,albon,28,9,0.9760833333333333,red_bull
495,vettel,28,10,0.9871833333333333,ferrari
496,kvyat,28,11,1.2998166666666666,alphatauri
497,aitken,28,12,0.9879666666666667,williams
498,norris,28,13,0.9718833333333333,mclaren
499,pietro_fittipaldi,28,14,0.9996333333333334,haas
500,latifi,28,15,1.3163,williams
501,giovinazzi,28,16,0.972,alfa
502,kevin_magnussen,28,17,0.9747166666666667,haas
503,raikkonen,28,18,0.9720333333333333,alfa
504,russell,29,1,0.9675333333333334,mercedes
505,bottas,29,2,0.97065,mercedes
506,stroll,29,3,0.97985,racing_point
507,ricciardo,29,4,1.0231833333333333,renault
508,ocon,29,5,0.9760166666666666,renault
509,perez,29,6,0.97695,racing_point
510,albon,29,7,0.9798,red_bull
511,vettel,29,8,0.98905,ferrari
512,sainz,29,9,1.3087166666666668,mclaren
513,kvyat,29,10,0.9596666666666667,alphatauri
514,gasly,29,11,1.3213833333333334,alphatauri
515,aitken,29,12,0.9967,williams
516,norris,29,13,0.9765333333333334,mclaren
517,pietro_fittipaldi,29,14,0.9972,haas
518,latifi,29,15,0.9701,williams
519,giovinazzi,29,16,0.9744666666666667,alfa
520,kevin_magnussen,29,17,0.9706833333333333,haas
521,raikkonen,29,18,0.9787833333333333,alfa
522,russell,30,1,0.9675333333333334,mercedes
523,bottas,30,2,0.9710333333333333,mercedes
524,stroll,30,3,0.9784333333333334,racing_point
525,ocon,30,4,0.9763166666666667,renault
526,perez,30,5,0.9785,racing_point
527,albon,30,6,0.9779666666666667,red_bull
528,vettel,30,7,0.9969166666666667,ferrari
529,sainz,30,8,0.9699333333333333,mclaren
530,kvyat,30,9,0.9633833333333334,alphatauri
531,ricciardo,30,10,1.30815,renault
532,gasly,30,11,0.9645,alphatauri
533,aitken,30,12,0.9966666666666667,williams
534,norris,30,13,0.98185,mclaren
535,pietro_fittipaldi,30,14,1.02565,haas
536,latifi,30,15,0.9753833333333334,williams
537,giovinazzi,30,16,0.9736333333333334,alfa
538,kevin_magnussen,30,17,0.9732333333333333,haas
539,raikkonen,30,18,0.97585,alfa
540,russell,31,1,0.971,mercedes
541,bottas,31,2,0.9728333333333333,mercedes
542,stroll,31,3,0.9825333333333334,racing_point
543,ocon,31,4,0.9785,renault
544,perez,31,5,0.97575,racing_point
545,albon,31,6,0.9804333333333334,red_bull
546,sainz,31,7,0.975,mclaren
547,kvyat,31,8,0.9660333333333333,alphatauri
548,ricciardo,31,9,0.96895,renault
549,vettel,31,10,1.0351333333333332,ferrari
550,gasly,31,11,0.9659,alphatauri
551,norris,31,12,0.9684166666666667,mclaren
552,aitken,31,13,1.0468333333333333,williams
553,latifi,31,14,0.9815,williams
554,giovinazzi,31,15,0.9780166666666666,alfa
555,pietro_fittipaldi,31,16,1.07235,haas
556,kevin_magnussen,31,17,0.9754666666666667,haas
557,raikkonen,31,18,0.9757333333333333,alfa
558,russell,32,1,0.9705166666666667,mercedes
559,bottas,32,2,0.9696666666666667,mercedes
560,stroll,32,3,0.9793666666666667,racing_point
561,ocon,32,4,0.9792833333333333,renault
562,perez,32,5,0.9770666666666666,racing_point
563,albon,32,6,0.9873833333333333,red_bull
564,sainz,32,7,0.9602166666666667,mclaren
565,kvyat,32,8,0.9656166666666667,alphatauri
566,ricciardo,32,9,0.9651333333333333,renault
567,gasly,32,10,0.9692666666666667,alphatauri
568,norris,32,11,0.97175,mclaren
569,vettel,32,12,1.3385333333333334,ferrari
570,latifi,32,13,0.9828833333333333,williams
571,giovinazzi,32,14,0.98145,alfa
572,kevin_magnussen,32,15,0.97915,haas
573,aitken,32,16,1.34295,williams
574,raikkonen,32,17,0.9811166666666666,alfa
575,pietro_fittipaldi,32,18,1.38495,haas
576,russell,33,1,0.9738833333333333,mercedes
577,bottas,33,2,0.9692666666666667,mercedes
578,stroll,33,3,0.9804666666666667,racing_point
579,ocon,33,4,0.97865,renault
580,perez,33,5,0.9836666666666667,racing_point
581,albon,33,6,0.9786666666666667,red_bull
582,sainz,33,7,0.9692833333333334,mclaren
583,kvyat,33,8,0.9676166666666667,alphatauri
584,ricciardo,33,9,0.9622666666666667,renault
585,gasly,33,10,0.9675,alphatauri
586,norris,33,11,0.97375,mclaren
587,vettel,33,12,0.9687666666666667,ferrari
588,latifi,33,13,0.9740666666666666,williams
589,giovinazzi,33,14,0.98065,alfa
590,kevin_magnussen,33,15,0.9785,haas
591,aitken,33,16,0.9703,williams
592,raikkonen,33,17,0.9800333333333333,alfa
593,pietro_fittipaldi,33,18,0.9721666666666666,haas
594,russell,34,1,0.9704166666666667,mercedes
595,bottas,34,2,0.9729,mercedes
596,stroll,34,3,0.98055,racing_point
597,ocon,34,4,0.9796833333333334,renault
598,perez,34,5,0.9783,racing_point
599,albon,34,6,0.9830833333333333,red_bull
600,sainz,34,7,0.9695833333333334,mclaren
601,kvyat,34,8,0.97225,alphatauri
602,ricciardo,34,9,0.9746333333333334,renault
603,gasly,34,10,0.9726166666666667,alphatauri
604,norris,34,11,0.9780666666666666,mclaren
605,vettel,34,12,0.9687666666666667,ferrari
606,latifi,34,13,0.97925,williams
607,giovinazzi,34,14,0.9787833333333333,alfa
608,kevin_magnussen,34,15,0.97905,haas
609,aitken,34,16,0.9674333333333334,williams
610,raikkonen,34,17,0.9804,alfa
611,pietro_fittipaldi,34,18,0.9736833333333333,haas
612,russell,35,1,0.9708833333333333,mercedes
613,bottas,35,2,0.9705833333333334,mercedes
614,stroll,35,3,0.9790333333333333,racing_point
615,ocon,35,4,0.9797666666666667,renault
616,perez,35,5,0.9798,racing_point
617,albon,35,6,0.9827333333333333,red_bull
618,sainz,35,7,0.9693833333333334,mclaren
619,kvyat,35,8,0.9710666666666666,alphatauri
620,ricciardo,35,9,0.9679333333333333,renault
621,gasly,35,10,0.9682666666666667,alphatauri
622,norris,35,11,0.9782833333333333,mclaren
623,vettel,35,12,0.9705666666666667,ferrari
624,latifi,35,13,0.98015,williams
625,giovinazzi,35,14,0.9799833333333333,alfa
626,kevin_magnussen,35,15,0.9837833333333333,haas
627,aitken,35,16,0.9778833333333333,williams
628,raikkonen,35,17,0.9777,alfa
629,pietro_fittipaldi,35,18,0.9714166666666667,haas
630,russell,36,1,0.9759,mercedes
631,bottas,36,2,0.9731166666666666,mercedes
632,stroll,36,3,0.97755,racing_point
633,ocon,36,4,0.97845,renault
634,perez,36,5,0.9770166666666666,racing_point
635,albon,36,6,0.9802166666666666,red_bull
636,sainz,36,7,0.9707,mclaren
637,kvyat,36,8,0.9709666666666666,alphatauri
638,ricciardo,36,9,0.9735666666666667,renault
639,gasly,36,10,0.9695833333333334,alphatauri
640,norris,36,11,0.9772666666666666,mclaren
641,vettel,36,12,0.9700833333333333,ferrari
642,latifi,36,13,0.97515,williams
643,giovinazzi,36,14,0.9784166666666667,alfa
644,kevin_magnussen,36,15,0.9814333333333334,haas
645,aitken,36,16,0.9742,williams
646,raikkonen,36,17,0.98505,alfa
647,pietro_fittipaldi,36,18,0.9830833333333333,haas
648,russell,37,1,0.9718166666666667,mercedes
649,bottas,37,2,0.9685666666666667,mercedes
650,stroll,37,3,0.97685,racing_point
651,ocon,37,4,0.9761333333333333,renault
652,perez,37,5,0.9799333333333333,racing_point
653,albon,37,6,0.9803833333333334,red_bull
654,sainz,37,7,0.97275,mclaren
655,kvyat,37,8,0.9683,alphatauri
656,ricciardo,37,9,0.9719833333333333,renault
657,gasly,37,10,0.9702,alphatauri
658,norris,37,11,0.9777166666666667,mclaren
659,vettel,37,12,0.97835,ferrari
660,latifi,37,13,0.9810166666666666,williams
661,giovinazzi,37,14,0.9772333333333333,alfa
662,kevin_magnussen,37,15,0.9797833333333333,haas
663,aitken,37,16,0.9820833333333333,williams
664,raikkonen,37,17,0.9814333333333334,alfa
665,pietro_fittipaldi,37,18,0.9814833333333334,haas
666,russell,38,1,0.9706666666666667,mercedes
667,bottas,38,2,0.9765666666666667,mercedes
668,stroll,38,3,0.9787833333333333,racing_point
669,ocon,38,4,0.9795333333333334,renault
670,perez,38,5,0.9785,racing_point
671,albon,38,6,0.9772833333333333,red_bull
672,sainz,38,7,0.9715333333333334,mclaren
673,kvyat,38,8,0.9735166666666667,alphatauri
674,ricciardo,38,9,0.9690166666666666,renault
675,gasly,38,10,0.9733166666666667,alphatauri
676,norris,38,11,0.98385,mclaren
677,vettel,38,12,0.9729833333333333,ferrari
678,latifi,38,13,0.9747666666666667,williams
679,giovinazzi,38,14,0.981,alfa
680,kevin_magnussen,38,15,0.98125,haas
681,aitken,38,16,0.9847,williams
682,raikkonen,38,17,0.9837833333333333,alfa
683,pietro_fittipaldi,38,18,0.9762833333333333,haas
684,russell,39,1,0.9711166666666666,mercedes
685,bottas,39,2,0.9699666666666666,mercedes
686,stroll,39,3,0.9773833333333334,racing_point
687,ocon,39,4,0.9764666666666667,renault
688,perez,39,5,0.9777333333333333,racing_point
689,albon,39,6,0.9783333333333334,red_bull
690,sainz,39,7,0.9652166666666666,mclaren
691,kvyat,39,8,0.97035,alphatauri
692,ricciardo,39,9,0.9714833333333334,renault
693,gasly,39,10,0.9713333333333334,alphatauri
694,norris,39,11,0.9720166666666666,mclaren
695,vettel,39,12,0.9736166666666667,ferrari
696,latifi,39,13,0.9796833333333334,williams
697,giovinazzi,39,14,0.9759666666666666,alfa
698,kevin_magnussen,39,15,0.97735,haas
699,aitken,39,16,0.9789833333333333,williams
700,raikkonen,39,17,0.9801,alfa
701,pietro_fittipaldi,39,18,0.9768166666666667,haas
702,russell,40,1,0.9713333333333334,mercedes
703,bottas,40,2,0.9712,mercedes
704,stroll,40,3,0.9783166666666666,racing_point
705,ocon,40,4,0.9782166666666666,renault
706,perez,40,5,0.9766666666666667,racing_point
707,albon,40,6,0.9778833333333333,red_bull
708,sainz,40,7,0.9684166666666667,mclaren
709,kvyat,40,8,0.9701666666666666,alphatauri
710,ricciardo,40,9,0.9717333333333333,renault
711,gasly,40,10,0.9684833333333334,alphatauri
712,norris,40,11,0.9757666666666667,mclaren
713,vettel,40,12,0.97455,ferrari
714,latifi,40,13,0.97615,williams
715,giovinazzi,40,14,0.9766666666666667,alfa
716,kevin_magnussen,40,15,0.9790166666666666,haas
717,aitken,40,16,0.9816666666666667,williams
718,raikkonen,40,17,0.9788166666666667,alfa
719,pietro_fittipaldi,40,18,1.0404,haas
720,russell,41,1,0.9688833333333333,mercedes
721,bottas,41,2,0.9727166666666667,mercedes
722,stroll,41,3,0.9754166666666667,racing_point
723,perez,41,4,0.9788333333333333,racing_point
724,ocon,41,5,1.0160333333333333,renault
725,albon,41,6,0.98155,red_bull
726,sainz,41,7,0.9687666666666667,mclaren
727,kvyat,41,8,0.9783166666666666,alphatauri
728,ricciardo,41,9,0.9762166666666666,renault
729,gasly,41,10,0.97285,alphatauri
730,norris,41,11,0.9745333333333334,mclaren
731,vettel,41,12,0.9764833333333334,ferrari
732,latifi,41,13,0.9771,williams
733,giovinazzi,41,14,0.9773,alfa
734,kevin_magnussen,41,15,0.979,haas
735,aitken,41,16,0.97765,williams
736,raikkonen,41,17,0.9815333333333334,alfa
737,pietro_fittipaldi,41,18,1.0170166666666667,haas
738,russell,42,1,0.9694166666666667,mercedes
739,bottas,42,2,0.9673833333333334,mercedes
740,stroll,42,3,1.027,racing_point
741,perez,42,4,0.9746333333333334,racing_point
742,albon,42,5,0.97895,red_bull
743,sainz,42,6,0.9707666666666667,mclaren
744,kvyat,42,7,0.9632666666666667,alphatauri
745,ricciardo,42,8,0.96665,renault
746,gasly,42,9,0.9720333333333333,alphatauri
747,ocon,42,10,1.3030333333333333,renault
748,norris,42,11,0.9806666666666667,mclaren
749,vettel,42,12,0.9730833333333333,ferrari
750,latifi,42,13,0.9747,williams
751,giovinazzi,42,14,0.9751,alfa
752,kevin_magnussen,42,15,0.9784,haas
753,aitken,42,16,0.9797333333333333,williams
754,raikkonen,42,17,0.9879166666666667,alfa
755,pietro_fittipaldi,42,18,0.9838166666666667,haas
756,russell,43,1,0.9694,mercedes
757,bottas,43,2,0.9717333333333333,mercedes
758,perez,43,3,0.96875,racing_point
759,albon,43,4,0.9732166666666666,red_bull
760,sainz,43,5,0.9661166666666666,mclaren
761,kvyat,43,6,0.969,alphatauri
762,ricciardo,43,7,0.9699833333333333,renault
763,gasly,43,8,0.9772166666666666,alphatauri
764,ocon,43,9,0.96165,renault
765,stroll,43,10,1.3201666666666667,racing_point
766,norris,43,11,0.9742333333333333,mclaren
767,vettel,43,12,0.9726333333333333,ferrari
768,latifi,43,13,0.97615,williams
769,giovinazzi,43,14,0.97795,alfa
770,kevin_magnussen,43,15,0.9807666666666667,haas
771,aitken,43,16,0.9772166666666666,williams
772,raikkonen,43,17,0.9787833333333333,alfa
773,pietro_fittipaldi,43,18,0.9828333333333333,haas
774,russell,44,1,0.9720666666666666,mercedes
775,bottas,44,2,0.9738833333333333,mercedes
776,perez,44,3,0.9754333333333334,racing_point
777,albon,44,4,0.9790833333333333,red_bull
778,sainz,44,5,0.9700833333333333,mclaren
779,kvyat,44,6,0.9697,alphatauri
780,ricciardo,44,7,0.9677333333333333,renault
781,gasly,44,8,0.97065,alphatauri
782,ocon,44,9,0.9565333333333333,renault
783,stroll,44,10,0.9566833333333333,racing_point
784,norris,44,11,0.9731166666666666,mclaren
785,vettel,44,12,0.9737833333333333,ferrari
786,latifi,44,13,0.9799,williams
787,giovinazzi,44,14,0.9788333333333333,alfa
788,kevin_magnussen,44,15,0.98245,haas
789,aitken,44,16,0.9782,williams
790,raikkonen,44,17,0.9826666666666667,alfa
791,pietro_fittipaldi,44,18,1.0046666666666666,haas
792,russell,45,1,1.00885,mercedes
793,bottas,45,2,0.9683166666666667,mercedes
794,perez,45,3,0.9702333333333333,racing_point
795,albon,45,4,0.9762666666666666,red_bull
796,sainz,45,5,0.9671833333333333,mclaren
797,kvyat,45,6,0.9688833333333333,alphatauri
798,ricciardo,45,7,0.96565,renault
799,gasly,45,8,0.96555,alphatauri
800,ocon,45,9,0.9581666666666667,renault
801,stroll,45,10,0.9577333333333333,racing_point
802,norris,45,11,0.9782333333333333,mclaren
803,vettel,45,12,0.9717666666666667,ferrari
804,latifi,45,13,0.9789166666666667,williams
805,giovinazzi,45,14,0.9813833333333334,alfa
806,kevin_magnussen,45,15,0.97895,haas
807,aitken,45,16,0.9796,williams
808,raikkonen,45,17,0.9822833333333333,alfa
809,pietro_fittipaldi,45,18,0.9829,haas
810,bottas,46,1,0.9681,mercedes
811,russell,46,2,1.31285,mercedes
812,perez,46,3,0.97175,racing_point
813,albon,46,4,0.9765166666666667,red_bull
814,sainz,46,5,0.9698166666666667,mclaren
815,kvyat,46,6,0.9732166666666666,alphatauri
816,ricciardo,46,7,0.9838666666666667,renault
817,gasly,46,8,0.9710166666666666,alphatauri
818,ocon,46,9,0.9586666666666667,renault
819,stroll,46,10,0.9620833333333333,racing_point
820,norris,46,11,0.9753666666666667,mclaren
821,vettel,46,12,0.9741666666666666,ferrari
822,latifi,46,13,0.9783333333333334,williams
823,giovinazzi,46,14,0.9824,alfa
824,kevin_magnussen,46,15,0.9797,haas
825,aitken,46,16,0.99465,williams
826,raikkonen,46,17,0.9831166666666666,alfa
827,pietro_fittipaldi,46,18,1.0282333333333333,haas
828,bottas,47,1,0.9755333333333334,mercedes
829,russell,47,2,0.9440666666666667,mercedes
830,perez,47,3,1.0153,racing_point
831,sainz,47,4,0.97325,mclaren
832,albon,47,5,1.0292,red_bull
833,kvyat,47,6,0.97115,alphatauri
834,ricciardo,47,7,0.9748,renault
835,gasly,47,8,0.9712,alphatauri
836,ocon,47,9,0.9618666666666666,renault
837,stroll,47,10,0.9614666666666667,racing_point
838,norris,47,11,0.9826666666666667,mclaren
839,vettel,47,12,0.97375,ferrari
840,latifi,47,13,0.9784166666666667,williams
841,giovinazzi,47,14,0.9766166666666667,alfa
842,kevin_magnussen,47,15,0.9833833333333334,haas
843,aitken,47,16,0.9820166666666666,williams
844,raikkonen,47,17,0.98265,alfa
845,pietro_fittipaldi,47,18,0.9841833333333333,haas
846,bottas,48,1,0.9715,mercedes
847,russell,48,2,0.9455166666666667,mercedes
848,sainz,48,3,0.97105,mclaren
849,kvyat,48,4,0.9684,alphatauri
850,ricciardo,48,5,0.9723666666666667,renault
851,gasly,48,6,0.9709833333333333,alphatauri
852,ocon,48,7,0.9607833333333333,renault
853,stroll,48,8,0.9617166666666667,racing_point
854,perez,48,9,1.2923166666666666,racing_point
855,norris,48,10,0.9813,mclaren
856,albon,48,11,1.31045,red_bull
857,vettel,48,12,0.9754,ferrari
858,latifi,48,13,0.9823166666666666,williams
859,giovinazzi,48,14,0.9791166666666666,alfa
860,kevin_magnussen,48,15,0.98425,haas
861,aitken,48,16,0.9799833333333333,williams
862,raikkonen,48,17,0.9813166666666666,alfa
863,pietro_fittipaldi,48,18,1.0003166666666667,haas
864,bottas,49,1,1.0192333333333334,mercedes
865,russell,49,2,0.9521666666666667,mercedes
866,sainz,49,3,0.9663666666666667,mclaren
867,kvyat,49,4,0.97035,alphatauri
868,ricciardo,49,5,0.9689833333333333,renault
869,gasly,49,6,0.9760666666666666,alphatauri
870,ocon,49,7,0.9636666666666667,renault
871,stroll,49,8,0.9590833333333333,racing_point
872,perez,49,9,0.9534166666666667,racing_point
873,norris,49,10,0.9760833333333333,mclaren
874,albon,49,11,0.9634333333333334,red_bull
875,vettel,49,12,0.9762666666666666,ferrari
876,latifi,49,13,0.9806833333333334,williams
877,giovinazzi,49,14,0.9771833333333333,alfa
878,kevin_magnussen,49,15,0.9996666666666667,haas
879,aitken,49,16,0.9783833333333334,williams
880,raikkonen,49,17,0.9801333333333333,alfa
881,pietro_fittipaldi,49,18,0.9821,haas
882,russell,50,1,0.9518666666666666,mercedes
883,bottas,50,2,1.3035166666666667,mercedes
884,sainz,50,3,0.9716666666666667,mclaren
885,kvyat,50,4,0.9719166666666667,alphatauri
886,ricciardo,50,5,0.9714166666666667,renault
887,gasly,50,6,0.97375,alphatauri
888,ocon,50,7,0.96625,renault
889,stroll,50,8,0.9659,racing_point
890,perez,50,9,0.94895,racing_point
891,norris,50,10,0.9819833333333333,mclaren
892,albon,50,11,0.9581333333333333,red_bull
893,vettel,50,12,0.9756166666666667,ferrari
894,latifi,50,13,0.9771833333333333,williams
895,giovinazzi,50,14,0.978,alfa
896,kevin_magnussen,50,15,0.9946333333333334,haas
897,aitken,50,16,1.0027666666666666,williams
898,raikkonen,50,17,0.9829666666666667,alfa
899,pietro_fittipaldi,50,18,0.9854166666666667,haas
900,russell,51,1,0.9471833333333334,mercedes
901,bottas,51,2,0.9450833333333334,mercedes
902,sainz,51,3,0.96835,mclaren
903,kvyat,51,4,0.9735666666666667,alphatauri
904,ricciardo,51,5,0.9672333333333333,renault
905,ocon,51,6,0.9660666666666666,renault
906,stroll,51,7,0.96435,racing_point
907,gasly,51,8,1.0188,alphatauri
908,perez,51,9,0.9508666666666666,racing_point
909,norris,51,10,0.9752833333333333,mclaren
910,albon,51,11,0.9553333333333334,red_bull
911,vettel,51,12,0.9734833333333334,ferrari
912,latifi,51,13,0.9833,williams
913,giovinazzi,51,14,1.0063833333333334,alfa
914,kevin_magnussen,51,15,0.9928666666666667,haas
915,aitken,51,16,0.9800833333333333,williams
916,raikkonen,51,17,0.9835333333333334,alfa
917,pietro_fittipaldi,51,18,0.9796,haas
918,russell,52,1,0.9518666666666666,mercedes
919,bottas,52,2,0.9493333333333334,mercedes
920,sainz,52,3,0.9671833333333333,mclaren
921,kvyat,52,4,0.9738833333333333,alphatauri
922,ricciardo,52,5,0.9672333333333333,renault
923,ocon,52,6,0.9565833333333333,renault
924,stroll,52,7,0.9591333333333333,racing_point
925,perez,52,8,0.94875,racing_point
926,albon,52,9,0.9509333333333333,red_bull
927,norris,52,10,0.9851,mclaren
928,vettel,52,11,0.9697166666666667,ferrari
929,gasly,52,12,1.3130166666666667,alphatauri
930,latifi,52,13,0.9968166666666667,williams
931,giovinazzi,52,14,0.98155,alfa
932,kevin_magnussen,52,15,1.0035666666666667,haas
933,aitken,52,16,0.9774833333333334,williams
934,raikkonen,52,17,0.9814666666666667,alfa
935,pietro_fittipaldi,52,18,1.0092166666666667,haas
936,russell,53,1,0.9512666666666667,mercedes
937,bottas,53,2,0.9450666666666667,mercedes
938,sainz,53,3,0.9695666666666667,mclaren
939,ricciardo,53,4,0.9735,renault
940,kvyat,53,5,1.01645,alphatauri
941,ocon,53,6,0.9613166666666667,renault
942,stroll,53,7,0.9597666666666667,racing_point
943,perez,53,8,0.94915,racing_point
944,albon,53,9,0.9560166666666666,red_bull
945,norris,53,10,0.9836166666666667,mclaren
946,vettel,53,11,0.9739666666666666,ferrari
947,gasly,53,12,0.9536666666666667,alphatauri
948,giovinazzi,53,13,0.9804666666666667,alfa
949,kevin_magnussen,53,14,0.9867666666666667,haas
950,aitken,53,15,0.9777833333333333,williams
951,raikkonen,53,16,0.9812666666666666,alfa
952,pietro_fittipaldi,53,17,1.1624833333333333,haas
953,russell,54,1,0.9508,mercedes
954,bottas,54,2,0.9446,mercedes
955,sainz,54,3,0.9743,mclaren
956,ricciardo,54,4,0.96655,renault
957,ocon,54,5,0.9664166666666667,renault
958,stroll,54,6,0.9713666666666667,racing_point
959,perez,54,7,0.9571,racing_point
960,albon,54,8,1.0088666666666666,red_bull
961,norris,54,9,1.1042333333333334,mclaren
962,kvyat,54,10,1.4291333333333334,alphatauri
963,gasly,54,11,1.0956333333333332,alphatauri
964,vettel,54,12,1.1622,ferrari
965,giovinazzi,54,13,1.1495666666666666,alfa
966,kevin_magnussen,54,14,1.1786166666666666,haas
967,aitken,54,15,1.1873833333333332,williams
968,raikkonen,54,16,1.2266833333333333,alfa
969,pietro_fittipaldi,54,17,1.3821333333333334,haas
970,russell,55,1,1.0877,mercedes
971,bottas,55,2,1.1126333333333334,mercedes
972,sainz,55,3,1.22785,mclaren
973,ricciardo,55,4,1.2133,renault
974,ocon,55,5,1.1904833333333333,renault
975,stroll,55,6,1.1855,racing_point
976,perez,55,7,1.18415,racing_point
977,albon,55,8,1.1474333333333333,red_bull
978,kvyat,55,9,1.0796833333333333,alphatauri
979,gasly,55,10,1.07125,alphatauri
980,norris,55,11,1.33665,mclaren
981,vettel,55,12,1.3584333333333334,ferrari
982,giovinazzi,55,13,1.3159833333333333,alfa
983,kevin_magnussen,55,14,1.3249166666666667,haas
984,aitken,55,15,1.3469666666666666,williams
985,raikkonen,55,16,1.3237,alfa
986,pietro_fittipaldi,55,17,0.96435,haas
987,russell,56,1,1.07865,mercedes
988,bottas,56,2,1.0221,mercedes
989,ocon,56,3,0.9590333333333333,renault
990,perez,56,4,0.9487,racing_point
991,stroll,56,5,0.9763166666666667,racing_point
992,albon,56,6,0.9601,red_bull
993,sainz,56,7,1.3072833333333334,mclaren
994,ricciardo,56,8,1.2963,renault
995,kvyat,56,9,0.96025,alphatauri
996,gasly,56,10,0.9599833333333333,alphatauri
997,norris,56,11,0.9631833333333333,mclaren
998,vettel,56,12,0.9484166666666667,ferrari
999,giovinazzi,56,13,0.9481166666666667,alfa
1000,kevin_magnussen,56,14,0.9673,haas
1001,aitken,56,15,0.9565333333333333,williams
1002,raikkonen,56,16,0.95625,alfa
1003,pietro_fittipaldi,56,17,0.9623666666666667,haas
1004,russell,57,1,0.9496166666666667,mercedes
1005,bottas,57,2,0.9463166666666667,mercedes
1006,perez,57,3,0.9512166666666667,racing_point
1007,ocon,57,4,0.97525,renault
1008,stroll,57,5,0.96295,racing_point
1009,albon,57,6,0.9567666666666667,red_bull
1010,sainz,57,7,0.9591666666666666,mclaren
1011,ricciardo,57,8,0.94965,renault
1012,kvyat,57,9,0.95635,alphatauri
1013,gasly,57,10,0.9576666666666667,alphatauri
1014,norris,57,11,0.9884,mclaren
1015,vettel,57,12,0.9510833333333333,ferrari
1016,giovinazzi,57,13,0.9521833333333334,alfa
1017,kevin_magnussen,57,14,0.9586,haas
1018,aitken,57,15,0.9575666666666667,williams
1019,raikkonen,57,16,0.9563666666666667,alfa
1020,pietro_fittipaldi,57,17,0.96245,haas
1021,russell,58,1,0.94775,mercedes
1022,bottas,58,2,0.9507333333333333,mercedes
1023,perez,58,3,0.9553166666666667,racing_point
1024,ocon,58,4,0.9616333333333333,renault
1025,stroll,58,5,0.95775,racing_point
1026,albon,58,6,0.9551333333333333,red_bull
1027,sainz,58,7,0.9546666666666667,mclaren
1028,ricciardo,58,8,0.9532,renault
1029,kvyat,58,9,0.95595,alphatauri
1030,gasly,58,10,0.9591,alphatauri
1031,norris,58,11,0.9564833333333334,mclaren
1032,vettel,58,12,0.95235,ferrari
1033,giovinazzi,58,13,0.9525333333333333,alfa
1034,kevin_magnussen,58,14,0.9624833333333334,haas
1035,aitken,58,15,0.95895,williams
1036,raikkonen,58,16,0.9635333333333334,alfa
1037,pietro_fittipaldi,58,17,0.9660666666666666,haas
1038,russell,59,1,0.9495833333333333,mercedes
1039,bottas,59,2,0.94355,mercedes
1040,perez,59,3,0.94955,racing_point
1041,ocon,59,4,0.9592,renault
1042,stroll,59,5,0.96125,racing_point
1043,albon,59,6,0.9579166666666666,red_bull
1044,sainz,59,7,0.9529833333333333,mclaren
1045,ricciardo,59,8,0.9527666666666667,renault
1046,kvyat,59,9,0.9580166666666666,alphatauri
1047,gasly,59,10,0.9600833333333333,alphatauri
1048,norris,59,11,0.9657833333333333,mclaren
1049,vettel,59,12,0.9537333333333333,ferrari
1050,giovinazzi,59,13,0.9558666666666666,alfa
1051,kevin_magnussen,59,14,0.9647833333333333,haas
1052,raikkonen,59,15,0.96425,alfa
1053,aitken,59,16,1.1506833333333333,williams
1054,pietro_fittipaldi,59,17,1.0424333333333333,haas
1055,russell,60,1,0.9485,mercedes
1056,bottas,60,2,0.9427166666666666,mercedes
1057,perez,60,3,0.9535166666666667,racing_point
1058,ocon,60,4,0.9615833333333333,renault
1059,stroll,60,5,0.9589333333333333,racing_point
1060,albon,60,6,0.9591833333333334,red_bull
1061,sainz,60,7,0.95765,mclaren
1062,ricciardo,60,8,0.9565833333333333,renault
1063,kvyat,60,9,0.9586666666666667,alphatauri
1064,gasly,60,10,0.9644166666666667,alphatauri
1065,norris,60,11,1.0016333333333334,mclaren
1066,vettel,60,12,1.0478,ferrari
1067,giovinazzi,60,13,1.0625333333333333,alfa
1068,kevin_magnussen,60,14,1.12025,haas
1069,raikkonen,60,15,1.1734,alfa
1070,pietro_fittipaldi,60,16,1.26305,haas
1071,aitken,60,17,1.81255,williams
1072,russell,61,1,0.9526333333333333,mercedes
1073,bottas,61,2,0.9585,mercedes
1074,perez,61,3,1.1422166666666667,racing_point
1075,ocon,61,4,1.1310333333333333,renault
1076,stroll,61,5,1.1396333333333333,racing_point
1077,albon,61,6,1.16275,red_bull
1078,sainz,61,7,1.1959333333333333,mclaren
1079,ricciardo,61,8,1.1906666666666668,renault
1080,kvyat,61,9,1.2186666666666666,alphatauri
1081,gasly,61,10,1.31315,alphatauri
1082,norris,61,11,1.26115,mclaren
1083,vettel,61,12,1.2383833333333334,ferrari
1084,giovinazzi,61,13,1.2589833333333333,alfa
1085,kevin_magnussen,61,14,1.2620166666666666,haas
1086,raikkonen,61,15,1.2446,alfa
1087,pietro_fittipaldi,61,16,1.2533833333333333,haas
1088,aitken,61,17,1.47685,williams
1089,russell,62,1,1.3245833333333332,mercedes
1090,bottas,62,2,1.3413833333333334,mercedes
1091,perez,62,3,1.2676,racing_point
1092,ocon,62,4,1.25105,renault
1093,stroll,62,5,1.26645,racing_point
1094,albon,62,6,1.283,red_bull
1095,sainz,62,7,1.2577166666666666,mclaren
1096,ricciardo,62,8,1.2661833333333334,renault
1097,kvyat,62,9,1.2831833333333333,alphatauri
1098,gasly,62,10,1.1802666666666666,alphatauri
1099,norris,62,11,1.2765666666666666,mclaren
1100,vettel,62,12,1.2764833333333334,ferrari
1101,giovinazzi,62,13,1.4528166666666666,alfa
1102,kevin_magnussen,62,14,1.3070166666666667,haas
1103,raikkonen,62,15,1.3027833333333334,alfa
1104,pietro_fittipaldi,62,16,1.06015,haas
1105,aitken,62,17,1.3595,williams
1106,russell,63,1,1.8677833333333334,mercedes
1107,perez,63,2,1.2799166666666666,racing_point
1108,ocon,63,3,1.30335,renault
1109,stroll,63,4,1.2978,racing_point
1110,bottas,63,5,2.0254,mercedes
1111,sainz,63,6,1.2809833333333334,mclaren
1112,ricciardo,63,7,1.2766333333333333,renault
1113,kvyat,63,8,1.2522833333333334,alphatauri
1114,gasly,63,9,1.20715,alphatauri
1115,albon,63,10,1.52085,red_bull
1116,norris,63,11,1.1202,mclaren
1117,vettel,63,12,1.1145833333333333,ferrari
1118,giovinazzi,63,13,1.3551333333333333,alfa
1119,kevin_magnussen,63,14,1.5079,haas
1120,raikkonen,63,15,1.59075,alfa
1121,pietro_fittipaldi,63,16,1.2792666666666668,haas
1122,aitken,63,17,0.9837166666666667,williams
1123,perez,64,1,1.5317833333333333,racing_point
1124,ocon,64,2,1.5194166666666666,renault
1125,stroll,64,3,1.5143666666666666,racing_point
1126,bottas,64,4,1.42975,mercedes
1127,russell,64,5,1.7135666666666667,mercedes
1128,sainz,64,6,1.3491833333333334,mclaren
1129,ricciardo,64,7,1.3721666666666668,renault
1130,kvyat,64,8,1.3537833333333333,alphatauri
1131,gasly,64,9,1.34925,alphatauri
1132,albon,64,10,1.3259833333333333,red_bull
1133,norris,64,11,1.2441333333333333,mclaren
1134,vettel,64,12,1.3238,ferrari
1135,giovinazzi,64,13,1.1965166666666667,alfa
1136,kevin_magnussen,64,14,1.2546833333333334,haas
1137,raikkonen,64,15,1.2188833333333333,alfa
1138,pietro_fittipaldi,64,16,1.43085,haas
1139,aitken,64,17,1.0512,williams
1140,perez,65,1,1.4985333333333333,racing_point
1141,ocon,65,2,1.4978666666666667,renault
1142,stroll,65,3,1.4930666666666668,racing_point
1143,bottas,65,4,1.47165,mercedes
1144,russell,65,5,1.4696833333333332,mercedes
1145,sainz,65,6,1.46545,mclaren
1146,ricciardo,65,7,1.4585166666666667,renault
1147,kvyat,65,8,1.4572833333333333,alphatauri
1148,gasly,65,9,1.4729666666666668,alphatauri
1149,albon,65,10,1.4775166666666666,red_bull
1150,norris,65,11,1.4760166666666668,mclaren
1151,vettel,65,12,1.2419333333333333,ferrari
1152,giovinazzi,65,13,0.97475,alfa
1153,kevin_magnussen,65,14,0.98855,haas
1154,raikkonen,65,15,0.9820333333333333,alfa
1155,pietro_fittipaldi,65,16,1.121,haas
1156,aitken,65,17,1.2622333333333333,williams
1157,perez,66,1,1.5770833333333334,racing_point
1158,ocon,66,2,1.5736333333333334,renault
1159,stroll,66,3,1.5772,racing_point
1160,bottas,66,4,1.56975,mercedes
1161,russell,66,5,1.5723833333333332,mercedes
1162,sainz,66,6,1.5701,mclaren
1163,ricciardo,66,7,1.5623333333333334,renault
1164,kvyat,66,8,1.5557833333333333,alphatauri
1165,gasly,66,9,1.5522166666666666,alphatauri
1166,albon,66,10,1.5487833333333334,red_bull
1167,norris,66,11,1.5502833333333332,mclaren
1168,vettel,66,12,1.5456666666666667,ferrari
1169,giovinazzi,66,13,1.4047333333333334,alfa
1170,kevin_magnussen,66,14,1.07935,haas
1171,raikkonen,66,15,0.9961666666666666,alfa
1172,pietro_fittipaldi,66,16,0.9736,haas
1173,aitken,66,17,1.0346333333333333,williams
1174,perez,67,1,1.4397833333333334,racing_point
1175,ocon,67,2,1.4431833333333333,renault
1176,stroll,67,3,1.43125,racing_point
1177,bottas,67,4,1.43845,mercedes
1178,russell,67,5,1.4480833333333334,mercedes
1179,sainz,67,6,1.4586,mclaren
1180,ricciardo,67,7,1.4404666666666666,renault
1181,kvyat,67,8,1.44025,alphatauri
1182,gasly,67,9,1.4241333333333333,alphatauri
1183,albon,67,10,1.4427,red_bull
1184,norris,67,11,1.44275,mclaren
1185,vettel,67,12,1.4466333333333334,ferrari
1186,giovinazzi,67,13,1.4420166666666667,alfa
1187,kevin_magnussen,67,14,1.4333833333333332,haas
1188,raikkonen,67,15,1.3351666666666666,alfa
1189,pietro_fittipaldi,67,16,0.9964,haas
1190,aitken,67,17,0.9723833333333334,williams
1191,perez,68,1,1.3877333333333333,racing_point
1192,ocon,68,2,1.3743666666666667,renault
1193,stroll,68,3,1.3735833333333334,racing_point
1194,bottas,68,4,1.3581833333333333,mercedes
1195,russell,68,5,1.3310333333333333,mercedes
1196,sainz,68,6,1.3131166666666667,mclaren
1197,ricciardo,68,7,1.3129166666666667,renault
1198,kvyat,68,8,1.2985166666666668,alphatauri
1199,gasly,68,9,1.2902166666666666,alphatauri
1200,albon,68,10,1.2589166666666667,red_bull
1201,norris,68,11,1.2383333333333333,mclaren
1202,vettel,68,12,1.2264666666666666,ferrari
1203,giovinazzi,68,13,1.20255,alfa
1204,kevin_magnussen,68,14,1.19735,haas
1205,raikkonen,68,15,1.1785166666666667,alfa
1206,pietro_fittipaldi,68,16,1.1637833333333334,haas
1207,aitken,68,17,1.0060333333333333,williams
1208,perez,69,1,0.9464833333333333,racing_point
1209,ocon,69,2,0.96105,renault
1210,stroll,69,3,0.96335,racing_point
1211,bottas,69,4,0.9693166666666667,mercedes
1212,russell,69,5,0.9706166666666667,mercedes
1213,sainz,69,6,0.9758666666666667,mclaren
1214,ricciardo,69,7,0.9753166666666667,renault
1215,kvyat,69,8,0.96585,alphatauri
1216,albon,69,9,0.9582166666666667,red_bull
1217,gasly,69,10,0.9741,alphatauri
1218,norris,69,11,0.97165,mclaren
1219,vettel,69,12,0.9753,ferrari
1220,giovinazzi,69,13,0.9790333333333333,alfa
1221,kevin_magnussen,69,14,0.97865,haas
1222,raikkonen,69,15,0.9770166666666666,alfa
1223,pietro_fittipaldi,69,16,0.97455,haas
1224,aitken,69,17,0.96605,williams
1225,perez,70,1,0.9479833333333333,racing_point
1226,ocon,70,2,0.9571833333333334,renault
1227,stroll,70,3,0.9614333333333334,racing_point
1228,russell,70,4,0.9588833333333333,mercedes
1229,bottas,70,5,0.9762,mercedes
1230,sainz,70,6,0.9666333333333333,mclaren
1231,ricciardo,70,7,0.9637,renault
1232,kvyat,70,8,0.9687833333333333,alphatauri
1233,albon,70,9,0.96975,red_bull
1234,gasly,70,10,0.9711333333333333,alphatauri
1235,norris,70,11,0.96995,mclaren
1236,vettel,70,12,0.97005,ferrari
1237,giovinazzi,70,13,0.9732833333333333,alfa
1238,raikkonen,70,14,0.987,alfa
1239,kevin_magnussen,70,15,0.99385,haas
1240,pietro_fittipaldi,70,16,0.9851833333333333,haas
1241,aitken,70,17,0.9713833333333334,williams
1242,perez,71,1,0.94685,racing_point
1243,ocon,71,2,0.9560166666666666,renault
1244,stroll,71,3,0.95875,racing_point
1245,russell,71,4,0.94935,mercedes
1246,bottas,71,5,0.9563166666666667,mercedes
1247,sainz,71,6,0.9596333333333333,mclaren
1248,ricciardo,71,7,0.96385,renault
1249,kvyat,71,8,0.9633333333333334,alphatauri
1250,albon,71,9,0.9632,red_bull
1251,gasly,71,10,0.9647166666666667,alphatauri
1252,norris,71,11,0.9628666666666666,mclaren
1253,vettel,71,12,0.9659,ferrari
1254,giovinazzi,71,13,0.9675166666666667,alfa
1255,raikkonen,71,14,0.9686333333333333,alfa
1256,kevin_magnussen,71,15,0.9824,haas
1257,pietro_fittipaldi,71,16,0.9812333333333333,haas
1258,aitken,71,17,0.9808166666666667,williams
1259,perez,72,1,0.9495833333333333,racing_point
1260,ocon,72,2,0.9597,renault
1261,russell,72,3,0.9427166666666666,mercedes
1262,stroll,72,4,0.9733333333333334,racing_point
1263,bottas,72,5,0.9576333333333333,mercedes
1264,sainz,72,6,0.9580166666666666,mclaren
1265,ricciardo,72,7,0.9572333333333334,renault
1266,albon,72,8,0.9511333333333334,red_bull
1267,kvyat,72,9,0.97245,alphatauri
1268,gasly,72,10,0.97125,alphatauri
1269,norris,72,11,0.9715833333333334,mclaren
1270,vettel,72,12,0.9661333333333333,ferrari
1271,giovinazzi,72,13,0.9615333333333334,alfa
1272,raikkonen,72,14,0.9631666666666666,alfa
1273,kevin_magnussen,72,15,0.967,haas
1274,pietro_fittipaldi,72,16,0.9669666666666666,haas
1275,aitken,72,17,0.9717333333333333,williams
1276,perez,73,1,0.9471,racing_point
1277,russell,73,2,0.9419,mercedes
1278,ocon,73,3,0.97055,renault
1279,stroll,73,4,0.96035,racing_point
1280,bottas,73,5,0.9623666666666667,mercedes
1281,sainz,73,6,0.9583666666666667,mclaren
1282,ricciardo,73,7,0.9577166666666667,renault
1283,albon,73,8,0.9530833333333333,red_bull
1284,kvyat,73,9,0.9531833333333334,alphatauri
1285,gasly,73,10,0.9765333333333334,alphatauri
1286,norris,73,11,0.9772166666666666,mclaren
1287,vettel,73,12,0.9786666666666667,ferrari
1288,giovinazzi,73,13,0.98095,alfa
1289,raikkonen,73,14,0.9657333333333333,alfa
1290,kevin_magnussen,73,15,0.9712333333333333,haas
1291,pietro_fittipaldi,73,16,0.9734333333333334,haas
1292,aitken,73,17,0.9712833333333334,williams
1293,perez,74,1,0.9485166666666667,racing_point
1294,russell,74,2,0.9451666666666667,mercedes
1295,ocon,74,3,0.9585666666666667,renault
1296,stroll,74,4,0.9594166666666667,racing_point
1297,bottas,74,5,0.95895,mercedes
1298,sainz,74,6,0.9619333333333333,mclaren
1299,ricciardo,74,7,0.96115,renault
1300,albon,74,8,0.9583166666666667,red_bull
1301,kvyat,74,9,0.9574833333333334,alphatauri
1302,gasly,74,10,0.9648333333333333,alphatauri
1303,norris,74,11,0.9677166666666667,mclaren
1304,vettel,74,12,0.9744166666666667,ferrari
1305,giovinazzi,74,13,0.9763833333333334,alfa
1306,raikkonen,74,14,0.962,alfa
1307,kevin_magnussen,74,15,0.9667333333333333,haas
1308,pietro_fittipaldi,74,16,0.97605,haas
1309,aitken,74,17,0.9710333333333333,williams
1310,perez,75,1,0.9471,racing_point
1311,russell,75,2,0.9398833333333333,mercedes
1312,ocon,75,3,0.9558333333333333,renault
1313,stroll,75,4,0.9579833333333333,racing_point
1314,bottas,75,5,0.9601833333333334,mercedes
1315,sainz,75,6,0.9596166666666667,mclaren
1316,ricciardo,75,7,0.9619666666666666,renault
1317,albon,75,8,0.9663333333333334,red_bull
1318,kvyat,75,9,0.9641666666666666,alphatauri
1319,gasly,75,10,0.9572166666666667,alphatauri
1320,norris,75,11,0.9603833333333334,mclaren
1321,vettel,75,12,0.9596166666666667,ferrari
1322,giovinazzi,75,13,0.9591833333333334,alfa
1323,raikkonen,75,14,0.97265,alfa
1324,kevin_magnussen,75,15,0.9729833333333333,haas
1325,pietro_fittipaldi,75,16,0.9774833333333334,haas
1326,aitken,75,17,0.98195,williams
1327,perez,76,1,0.9477,racing_point
1328,russell,76,2,0.9407,mercedes
1329,ocon,76,3,0.9602166666666667,renault
1330,stroll,76,4,0.9584166666666667,racing_point
1331,bottas,76,5,0.95775,mercedes
1332,sainz,76,6,0.95735,mclaren
1333,ricciardo,76,7,0.95785,renault
1334,albon,76,8,0.9560166666666666,red_bull
1335,kvyat,76,9,0.9594333333333334,alphatauri
1336,gasly,76,10,0.9562833333333334,alphatauri
1337,norris,76,11,0.9558166666666666,mclaren
1338,vettel,76,12,0.9571833333333334,ferrari
1339,giovinazzi,76,13,0.9613833333333334,alfa
1340,raikkonen,76,14,0.9581333333333333,alfa
1341,kevin_magnussen,76,15,0.9662166666666666,haas
1342,pietro_fittipaldi,76,16,0.9757166666666667,haas
1343,aitken,76,17,0.9848833333333333,williams
1344,perez,77,1,0.9480833333333333,racing_point
1345,russell,77,2,0.9477,mercedes
1346,ocon,77,3,0.9578833333333333,renault
1347,stroll,77,4,0.9573666666666667,racing_point
1348,sainz,77,5,0.9609666666666666,mclaren
1349,ricciardo,77,6,0.9597666666666667,renault
1350,bottas,77,7,1.0027333333333333,mercedes
1351,albon,77,8,0.9691666666666666,red_bull
1352,kvyat,77,9,0.9579833333333333,alphatauri
1353,gasly,77,10,0.9578833333333333,alphatauri
1354,norris,77,11,0.9567,mclaren
1355,vettel,77,12,0.96175,ferrari
1356,giovinazzi,77,13,0.96185,alfa
1357,raikkonen,77,14,0.96485,alfa
1358,kevin_magnussen,77,15,0.9720833333333333,haas
1359,pietro_fittipaldi,77,16,0.9753333333333334,haas
1360,aitken,77,17,0.97575,williams
1361,perez,78,1,0.9499833333333333,racing_point
1362,russell,78,2,0.98485,mercedes
1363,ocon,78,3,0.9621333333333333,renault
1364,stroll,78,4,0.96205,racing_point
1365,sainz,78,5,0.95885,mclaren
1366,ricciardo,78,6,0.9583666666666667,renault
1367,albon,78,7,0.9555,red_bull
1368,kvyat,78,8,0.9667,alphatauri
1369,bottas,78,9,0.9847333333333333,mercedes
1370,gasly,78,10,0.9631166666666666,alphatauri
1371,norris,78,11,0.9618166666666667,mclaren
1372,vettel,78,12,0.9623666666666667,ferrari
1373,giovinazzi,78,13,0.9647166666666667,alfa
1374,raikkonen,78,14,0.9635166666666667,alfa
1375,kevin_magnussen,78,15,0.9786833333333333,haas
1376,pietro_fittipaldi,78,16,0.9745,haas
1377,aitken,78,17,0.9735833333333334,williams
1378,perez,79,1,0.9532166666666667,racing_point
1379,ocon,79,2,0.9591666666666666,renault
1380,stroll,79,3,0.9590333333333333,racing_point
1381,sainz,79,4,0.9591666666666666,mclaren
1382,ricciardo,79,5,0.9606833333333333,renault
1383,albon,79,6,0.9575,red_bull
1384,kvyat,79,7,0.9591666666666666,alphatauri
1385,bottas,79,8,0.9608833333333333,mercedes
1386,gasly,79,9,0.9627,alphatauri
1387,norris,79,10,0.9647333333333333,mclaren
1388,vettel,79,11,0.9643166666666667,ferrari
1389,giovinazzi,79,12,0.9633666666666667,alfa
1390,raikkonen,79,13,0.96315,alfa
1391,russell,79,14,1.2805333333333333,mercedes
1392,kevin_magnussen,79,15,0.9806166666666667,haas
1393,pietro_fittipaldi,79,16,0.9751666666666666,haas
1394,aitken,79,17,0.9698833333333333,williams
1395,perez,80,1,0.95,racing_point
1396,ocon,80,2,0.9587,renault
1397,stroll,80,3,0.95725,racing_point
1398,sainz,80,4,0.95275,mclaren
1399,ricciardo,80,5,0.9543666666666667,renault
1400,albon,80,6,0.95295,red_bull
1401,kvyat,80,7,0.9500166666666666,alphatauri
1402,bottas,80,8,0.9506333333333333,mercedes
1403,gasly,80,9,0.9547666666666667,alphatauri
1404,norris,80,10,0.9548166666666666,mclaren
1405,vettel,80,11,0.9588166666666667,ferrari
1406,giovinazzi,80,12,0.96065,alfa
1407,raikkonen,80,13,0.9616,alfa
1408,russell,80,14,0.9234,mercedes
1409,kevin_magnussen,80,15,0.9644333333333334,haas
1410,pietro_fittipaldi,80,16,0.9715666666666667,haas
1411,aitken,80,17,0.9669666666666666,williams
1412,perez,81,1,0.9519666666666666,racing_point
1413,ocon,81,2,0.9588166666666667,renault
1414,stroll,81,3,0.9566833333333333,racing_point
1415,sainz,81,4,0.9538666666666666,mclaren
1416,ricciardo,81,5,0.9536833333333333,renault
1417,albon,81,6,0.9546333333333333,red_bull
1418,kvyat,81,7,0.95175,alphatauri
1419,bottas,81,8,0.9591,mercedes
1420,gasly,81,9,0.9560333333333333,alphatauri
1421,norris,81,10,0.95985,mclaren
1422,vettel,81,11,0.9612,ferrari
1423,giovinazzi,81,12,0.9644166666666667,alfa
1424,russell,81,13,0.9423666666666667,mercedes
1425,raikkonen,81,14,0.9774833333333334,alfa
1426,kevin_magnussen,81,15,0.9709,haas
1427,pietro_fittipaldi,81,16,0.9781666666666666,haas
1428,aitken,81,17,0.97325,williams
1429,perez,82,1,0.9565666666666667,racing_point
1430,ocon,82,2,0.9592833333333334,renault
1431,stroll,82,3,0.9592333333333334,racing_point
1432,sainz,82,4,0.9608,mclaren
1433,ricciardo,82,5,0.9582,renault
1434,albon,82,6,0.95565,red_bull
1435,kvyat,82,7,0.9574666666666667,alphatauri
1436,bottas,82,8,0.9533,mercedes
1437,gasly,82,9,0.9598333333333333,alphatauri
1438,norris,82,10,0.9559333333333333,mclaren
1439,vettel,82,11,0.9611666666666666,ferrari
1440,giovinazzi,82,12,0.9625,alfa
1441,russell,82,13,0.9462833333333334,mercedes
1442,raikkonen,82,14,0.9645,alfa
1443,kevin_magnussen,82,15,0.9700333333333333,haas
1444,aitken,82,16,0.9668666666666667,williams
1445,pietro_fittipaldi,82,17,0.9949333333333333,haas
1446,perez,83,1,0.9511,racing_point
1447,ocon,83,2,0.9577666666666667,renault
1448,stroll,83,3,0.9586666666666667,racing_point
1449,sainz,83,4,0.9585333333333333,mclaren
1450,ricciardo,83,5,0.9604166666666667,renault
1451,albon,83,6,0.9608166666666667,red_bull
1452,kvyat,83,7,0.9637833333333333,alphatauri
1453,bottas,83,8,0.9550833333333333,mercedes
1454,gasly,83,9,0.9576333333333333,alphatauri
1455,norris,83,10,0.9577833333333333,mclaren
1456,vettel,83,11,0.9607333333333333,ferrari
1457,russell,83,12,0.93865,mercedes
1458,giovinazzi,83,13,0.9701833333333333,alfa
1459,raikkonen,83,14,0.9695833333333334,alfa
1460,kevin_magnussen,83,15,0.97335,haas
1461,aitken,83,16,0.9657333333333333,williams
1462,pietro_fittipaldi,83,17,0.97705,haas
1463,perez,84,1,0.9562333333333334,racing_point
1464,ocon,84,2,0.9588666666666666,renault
1465,stroll,84,3,0.96055,racing_point
1466,sainz,84,4,0.9579333333333333,mclaren
1467,ricciardo,84,5,0.9573333333333334,renault
1468,albon,84,6,0.9587333333333333,red_bull
1469,kvyat,84,7,0.9564166666666667,alphatauri
1470,bottas,84,8,0.9558833333333333,mercedes
1471,gasly,84,9,0.9598666666666666,alphatauri
1472,norris,84,10,0.9565833333333333,mclaren
1473,russell,84,11,0.94165,mercedes
1474,vettel,84,12,0.9718166666666667,ferrari
1475,giovinazzi,84,13,0.9635833333333333,alfa
1476,raikkonen,84,14,0.9624,alfa
1477,kevin_magnussen,84,15,0.96855,haas
1478,aitken,84,16,0.9714666666666667,williams
1479,pietro_fittipaldi,84,17,0.9718833333333333,haas
1480,perez,85,1,0.9534666666666667,racing_point
1481,ocon,85,2,0.9591,renault
1482,stroll,85,3,0.9564666666666667,racing_point
1483,sainz,85,4,0.9565833333333333,mclaren
1484,ricciardo,85,5,0.9562833333333334,renault
1485,albon,85,6,0.9553666666666667,red_bull
1486,kvyat,85,7,0.9566666666666667,alphatauri
1487,bottas,85,8,0.9633,mercedes
1488,norris,85,9,0.9545,mclaren
1489,gasly,85,10,0.9789833333333333,alphatauri
1490,russell,85,11,0.9495,mercedes
1491,vettel,85,12,0.9642833333333334,ferrari
1492,giovinazzi,85,13,0.9612833333333334,alfa
1493,raikkonen,85,14,0.95855,alfa
1494,kevin_magnussen,85,15,0.9689833333333333,haas
1495,aitken,85,16,0.9626833333333333,williams
1496,pietro_fittipaldi,85,17,0.9694333333333334,haas
1497,perez,86,1,0.9567333333333333,racing_point
1498,ocon,86,2,0.9586833333333333,renault
1499,stroll,86,3,0.9567333333333333,racing_point
1500,sainz,86,4,0.9533166666666667,mclaren
1501,ricciardo,86,5,0.95375,renault
1502,albon,86,6,0.9564333333333334,red_bull
1503,kvyat,86,7,0.9554333333333334,alphatauri
1504,bottas,86,8,0.95065,mercedes
1505,norris,86,9,0.9588166666666667,mclaren
1506,russell,86,10,0.9474666666666667,mercedes
1507,gasly,86,11,0.9741166666666666,alphatauri
1508,vettel,86,12,0.9627,ferrari
1509,giovinazzi,86,13,0.9635166666666667,alfa
1510,raikkonen,86,14,0.96845,alfa
1511,kevin_magnussen,86,15,0.97095,haas
1512,aitken,86,16,0.9621166666666666,williams
1513,pietro_fittipaldi,86,17,0.9729166666666667,haas
1514,perez,87,1,0.95405,racing_point
1515,ocon,87,2,0.9586666666666667,renault
1516,stroll,87,3,0.9631666666666666,racing_point
1517,sainz,87,4,0.9634,mclaren
1518,ricciardo,87,5,0.9610833333333333,renault
1519,albon,87,6,0.9563833333333334,red_bull
1520,kvyat,87,7,0.9552,alphatauri
1521,bottas,87,8,0.95735,mercedes
1522,russell,87,9,0.9487666666666666,mercedes
1523,norris,87,10,0.97655,mclaren
1524,gasly,87,11,0.9638833333333333,alphatauri
1525,vettel,87,12,0.9641,ferrari
1526,giovinazzi,87,13,0.9660666666666666,alfa
1527,raikkonen,87,14,0.96955,alfa
1528,kevin_magnussen,87,15,0.9705333333333334,haas
1529,aitken,87,16,0.9656833333333333,williams
1530,pietro_fittipaldi,87,17,0.9687833333333333,haas
